{
  "enemies": [
    {
      "Skelton(8)": {
        "x": -10.5129137,
        "y": -2.93506336,
        "z": 71.41346
      },
      "Skelton(7)": {
        "x": -5.06978035,
        "y": -2.93506336,
        "z": 71.2288055
      },
      "Skelton(6)": {
        "x": -7.81421566,
        "y": -0.135716438,
        "z": 86.35182
      },
      "Skelton(5)": {
        "x": -9.670356,
        "y": -0.1357162,
        "z": 84.8135147
      },
      "Skelton(4)": {
        "x": -7.019107,
        "y": -0.135716438,
        "z": 85.08466
      },
      "Skelton(3)": {
        "x": -9.210189,
        "y": -0.142704964,
        "z": 45.84345
      },
      "Skelton(2)": {
        "x": -6.1874423,
        "y": -0.1427033,
        "z": 46.27518
      },
      "Skelton(1)": {
        "x": -6.225736,
        "y": 1.33112669,
        "z": 36.915596
      },
      "Skelton": {
        "x": -8.029263,
        "y": 1.48,
        "z": 37.01
      }
    }
  ]
}